Unnamed: 0,URL,Search Term,Question,Answer,Upvotes,Author Position,Author Answers Count,Author Answer Views,Downvotes,Rating,Sentiment Analysis
0,https://www.quora.com/What-is-the-difference-between-GPT-2-and-ChatGPT,Generative AI,What is the difference between GPT-2 and ChatGPT?," GPT-2 (Generative Pretrained Transformer 2) is a large language generation model developed by OpenAI, while ChatGPT is a variant of GPT-2 that is fine-tuned specifically for conversational AI tasks, such as response generation in chatbots. The main difference is that while GPT-2 is trained on a diverse range of tasks, including language generation and translation, ChatGPT is trained specifically for the conversational AI task, which makes it better suited for chatbot applications. While Chat-GPT focuses on conversations, GPT-4 is more general and can be used for other tasks such as summarizing, translating, and question-answering. It is not ChatGPT 4, just GPT-4 (GPT-4 is the model, ChatGPT is chat interface). There are 2 big aspects behind GPT-4: ChatGPT, on the other hand, is a smaller version of GPT-2 that is specifically trained for conversational AI. It has been fine-tuned for answering questions and generating human-like responses in a conversational setting. This makes ChatGPT more suitable for chatbot applications, customer service, and other use cases where natural language interactions are important. GPT-2 and ChatGPT are both AI language models developed by OpenAI. However, there are some key differences between the two: In conclusion, both GPT-2 and ChatGPT are powerful AI language models, but they have different purposes and abilities. GPT-2 is more suited for text generation tasks, while ChatGPT is better suited for conversational AI applications. GPT-4, on the",374,Get amazing travel pics w/o travel - try itraveledthere.io,5800,468100000,0,374,Positive
1,https://www.quora.com/I-do-not-write-English-well-Can-I-use-AI-tools-like-Chatgpt-to-paraprase-my-work-to-look-better-without-committing-plagiarism,Generative AI,I do not write English well. Can I use AI tools like Chatgpt to paraprase my work to look better without committing plagiarism?," “It was the best of times, it was the worst of times, it was the age of wisdom, it was the age of foolishness, it was the epoch of belief, it was the epoch of incredulity, it was the season of Light, it was the season of Darkness, it was the spring of hope, it was the winter of despair, we had everything before us, we had nothing before us, we were all going direct to Heaven, we were all going direct the other way – in short, the period was so far like the present period, that some of its noisiest authorities insisted on its being received, for good or for evil, in the superlative degree of comparison only.” Danish, there is English and there is American. American is much more difficult to master because we have so many words spelled alike but have different meanings. I suggest you practice with an English speaking to improve your understanding. PRO TIP: Put the original text away, research the topic by reading other sources, and compose your own words and thoughts about the subject. If you want to refer to the other person, be diligent about using quotation marks when you quote the other person. If it is a long quotation, over five lines, use block quotes (indent the quotation) as I do in an example in this answer. By forcing yourself to speak at native spe I can see that you could use Chatgpt as a tool to help you write in English with Here’s a quote from A Tale of Two Cities by Charles Dickens (source: Wikipedia) (bold text indicates what will be paraphrased/modified in m",2,Founder of AICheckerTool.com,447,894000,0,2,Positive
2,https://www.quora.com/Is-it-unethical-and-illegal-to-use-AI-tools-like-Chatgpt-and-Chatsonic-to-paraphrase-the-sentences-which-Im-going-to-paraphrase-and-use-in-my-research,Generative AI,Is it unethical and illegal to use AI tools like Chatgpt and Chatsonic to paraphrase the sentences which I'm going to paraphrase and use in my research?," Summary: In order to find the best paraphrasing tool for your needs, you have to try out a few different ones and see which one works best for you. “It was the best of times, it was the worst of times, it was the age of wisdom, it was the age of foolishness, it was the epoch of belief, it was the epoch of incredulity, it was the season of Light, it was the season of Darkness, it was the spring of hope, it was the winter of despair, we had everything before us, we had nothing before us, we were all going direct to Heaven, we were all going direct the other way – in short, the period was so far like the present period, that some of its noisiest authorities insisted on its being received, for good or for evil, in the superlative degree of comparison only.” PRO TIP: Put the original text away, research the topic by reading other sources, and compose your own words and thoughts about the subject. If you want to refer to the other person, be diligent about using quotation marks when you quote the other person. If it is a long quotation, over five lines, use block quotes (indent the quotation) as I do in an example in this answer. The sentence is: Here’s a quote from A Tale of Two Cities by Charles Dickens (source: Wikipedia) (bold text indicates what will be paraphrased/modified in my example): (5) In literature classes, require that all citations come from the same edition of the literary text you have assigned in class, using those page numbers only in citations. ChatGPT usually",3,Created digital SAT resources with College Board,85,256300,0,3,Positive
3,https://www.quora.com/What-is-generative-AI-and-how-is-it-being-used-by-tech-companies,Generative AI,What is generative AI and how is it being used by tech companies?," Data Augmentation: Generative AI techniques can be used to generate synthetic data that closely resembles real data. This can help midsize companies in scenarios where acquiring or labeling large amounts of data is expensive or time-consuming. Synthetic data can be used to supplement training data for machine learning models. Each tool offers unique features and capabilities to different creators for a wide variety of projects. 6. Data Augmentation: Generative models can be used to augment training data by generating additional samples. This is particularly useful in domains with limited labeled data, such as medical imaging or rare events, where the generated samples can help improve the performance and robustness of machine learning models. Generative AI models, such as generative adversarial networks (GANs) or autoregressive models like OpenAI's GPT, work by learning from large amounts of data and then using that knowledge to generate new data. GANs consist of two components: a generator and a discriminator. The generator generates synthetic data, while the discriminator tries to distinguish between the synthetic and real data. Through an iterative process, both components improve their performance until the generator can create realistic data that the discriminator cannot differentiate from the real data. Another early example of generative AI technology can be seen in image manipulation programs such as Adobe Photoshop. This technology was simple but effective, and it h",4,kahma.io - create amazing AI portraits of anyone.,3600,2000000,0,4,Positive
4,https://www.quora.com/How-can-I-develop-an-AI-Does-it-require-any-skills-in-programming,Generative AI,How can I develop an AI? Does it require any skills in programming?,"  How? What did I do? What’s the secret? Looking at my bookshelf, I see the following. A lot of AI these days is based upon things like vector calculus. You might be able to learn that on your own, but many people who go to college (even with math degrees, myself included) only manage to have a rudimentary knowledge of it. (I never took the vector calculus course.) Similarly, you probably won’t understand beyond a surface level the statistics involved. (I didn’t get to that level of statistics either. I know Bayes theorem, but I couldn’t tell you what a student-t distribution is nor why you would want one.) - Advanced statistics (frequent statistics Statistical Inference: George Casella: 9788131503942: Amazon.com: Books , Bayesian statistics Amazon.com: Monte Carlo Statistical Methods (Springer Texts in Statistics) (9781441919397): Christian P. Robert, George Casella: Books )- Advanced probability (Amazon.com: Probability and Random Processes (9780198572220): Geoffrey R. Grimmett, David R. Stirzaker: Books )- Information theory (at least on the level of Shannon's second theorem Elements of Information Theory 2nd Edition (Wiley Series in Telecommunications and Signal Processing): Thomas M. Cover, Joy A. Thomas: 9780471241959: Amazon.com: Books )- Advanced linear algebra (Matrix Computations (Johns Hopkins Studies in the Mathematical Sciences): Gene H. Golub, Charles F. Van Loan: 9781421407944: Amazon.com: Books ) The recorded copy of attended live classes, all the premium lear",2,"Mentored 12-ish software engineers, taught programming",209,21800,0,2,Positive
5,https://www.quora.com/What-is-Chatgpt-and-how-can-I-talk-to-the-bot,Generative AI,"What is Chatgpt, and how can I talk to the bot?"," The problem: The Turing test [ https://en.wikipedia.org/wiki/Turing_test ](imitation game): it is a test, developed by Alan Turing in 1950, of a machine's ability to exhibit intelligent behavior equivalent to, or indistinguishable from, that of a human. Turing proposed that a human evaluator would judge natural language conversations between a human and a machine that is designed to generate human-like responses. The evaluator would be aware that one of the two partners in conversation is a machine, and all participants would be separated from one another. The conversation would be limited to a text-only channel such as a computer keyboard and screen so that the result would not be dependent on the machine's ability to render words as speech.If the evaluator cannot reliably tell the machine from the human (Turing originally suggested that the machine would convince a human 30% of the time after five minutes of conversation), the machine is said to have passed the test. The test does not check the ability to give correct answers to questions, only how closely answers resemble those a human would give. Yes, you can build it, but according to accuracy, It can be low, but it’s adaptable, I mean by using big dataset, and deeper techniques, you can do good, work, let’s dive into this in little bit more details: The problem: The Turing test [ https://e In this test the computer is said to try to pretend to be a human, a man or a woman. This problem was approached many many times si",1,,114,81400,0,1,Positive
6,https://www.quora.com/With-the-current-existence-of-AI-tools-such-as-ChatGPT-do-you-think-it-s-still-worth-learning-to-code,Generative AI,"With the current existence of AI tools such as ChatGPT, do you think it’s still worth learning to code?"," Absolutely. AI generated code is known to be unsafe and unreliable when used too often. tools like codex are just that: a tool. You can’t build a house with just a hammer and a nail. On the topic of codex (and openai in general), is that it looks convincing: but it’s often complete bullshit. AI-assisted coding isn’t inherently bad, but coding is still the better option and is far more worthwhile. In summary, while AI tools are powerful and useful, they do not fully replace the need for human coding skills. Learning to code can provide individuals with valuable knowledge and skills that can be useful in a variety of fields. ChatGPT today can only write short code for a prompt. It can’t code a project for specific kind of constrains. Also, this could be looked as productivity tool. With it, lot of problems that in past were not possible to automate/code due to lack of skills, could be now at lower cost, driving up the demand for automation/software. Furthermore, coding skills can be useful in a variety of fields beyond just AI development. For example, web development, app development, and database management all require coding knowledge. Do you think chatgpt answers everything correctly? Just answer yes/no to above and majority is your answer for the question. Learning to code can also provide individuals with a deeper understanding of how AI tools work and how they can be optimized and customized for specific tasks. This knowledge can be valuable in fields such as data scien",13,"Senior software developer, jack-of-all-trades programmer",645,94200,0,13,Positive
7,https://www.quora.com/What-is-GitHubs-Copilot-Is-it-an-implementation-of-AutoML,Generative AI,What is GitHub's Copilot? Is it an implementation of AutoML?,"  I look forward to using it and automating the boring bits of coding like calling libraries and APIs, freeing me to do the work that needs heavy thinking and problem-solving. It’s Microsoft‘s investment in OpenAI paying off. You name your C++ file prog.cpp. Why not add some features? You wrote the code, and saved it as prog_1.cpp (because you didn’t want to lose your existing code). Unfortunately some bug occurs which you were unable to figure out. You want to start from scratch. Simple! Use prog.cpp. Copilot couldn’t even replace my cat, who would do no worse a job of writing that class. What happened? We improved developer efficiency and the end result was we needed to hire more developers! I’ve seen this happen time and time again over the years. Your friend wants to help you with your program. You send him your prog.cpp file. He adds a new function X, and sends i GitHub Copilot is an AI-powered code completion tool developed by GitHub in collaboration with OpenAI. It aims to assist developers in writing code more efficiently by providing contextual suggestions and auto-completion based on the code being written. Usually… Now, there are researchers putting things like ChatGPT (i.e. LLMs) with systems that have underlying models and those will begin to approximate what software developers do. But, it will take time to actually develop those systems. They aren’t small tasks. And they will take working with actual software developers to create such models. You won’t get them",14,7 year experience in programming language.,424,12800,0,14,Positive
8,https://www.quora.com/What-is-ChatGPT,Generative AI,What is ChatGPT?," Thanks. It is important to note that as an AI language model, ChatGPT does not possess real-world experiences or true understanding. Its responses are generated based on patterns and examples found in the training data it was trained on, which can sometimes result in incorrect or nonsensical answers. You can ask it The potential applications of this technology are immense; everything from ecommerce stores providing personalized shopping experiences based on past purchases all the way up through sophisticated virtual agents used for customer service inquiries could benefit greatly from implementing a system like Chat GTP into its operations . As more organizations continue looking towards innovative ways they can streamline communication processes while also improving overall user satisfaction levels , expect this type of solution become increasingly commonplace moving forward . If you like this post. Please Upvote. Limited understanding of context: While ChatGPT is trained on a large dataset of conversational exchanges and can generate responses that are appropriate and relevant in a given context, it may not always have a deep understanding of the context in which it is being used. Things that would have taken days of searching, combining, recreating, suddenly become an act of writing a sentence and getting an answer. Truly original and authentic self-expression is only possible by individual humans, and AI cannot help with this in any meaningful sense. Reinforcement Learni",260,"Small business owner, serial entrepreneur",1300,3200000,0,260,Positive
9,https://www.quora.com/What-does-a-simple-AI-code-look-like-How-do-you-start-a-simple-AI-code,Generative AI,What does a simple AI code look like? How do you start a simple AI code?," Working with AI is less about coding and more about concepts, the code is just a method to implement these concepts. What is inteligance? What makes people smart? How do we learn? How can a computer do that/how can it not? Can you get to the same result on a different way? Are there multiple learning algorithms? In humans, what do we need to know/have to complete the task? Etc. Before you're learning how to code, ask yourself these questions, think about them, and then keep asking yourself while you're learning basic programming. Here’s one that isn’t mine. Honestly, there is practically no real intelligence in these products… big A (completely artificial) little i (tiny intelligence) seems to capture the essence of these ""products"" quite nicely. I have seen a lot of “AI” code in my day, and it looks like any other program. I wrote some to get my PhD, and it looks like any other program. Yes, real C++ programmers laugh at such a suggestion for that same reason. Here is an example of a simple AI code for a program that identifies whether an image contains a cat or a dog: Additionally, the quality of AI-generated content can vary greatly depending on the specific algorit What is an “AI code”? Simple or otherwise. # Create the model and fit the data It can look like: But wait! In case you were too impressed, here are some epic fails by the same model (as shown in https://arxiv.org/pdf/1609.06647.pdf): {Background first}    Pick a topic that you know a lot about and try to have ",6400,Stanford Statistics | Facebook Engineer,2300,188500,0,6400,Positive
10,https://www.quora.com/What-is-generative-AI-and-how-is-it-a-transformational-technology,ChatGPT,What is generative AI and how is it a transformational technology?," This might sound unconventional, but I’d go with blue-chip art. Generative AI also has the potential to help automate processes, allowing businesses to save time and money while still gaining actionabl 2. Personalization and customization: Generative AI can be used to generate personalized content tailored to individual preferences. For example, it can create customized product recommendations, personalized advertisements, or unique user experiences based on specific user data. Another early example of generative AI technology can be seen in image manipulation programs such as Adobe Photoshop. Normal investors just don’t have $1 million lying around to buy a Picasso. *“Net returns” refers to the annualized internal rate of return net of all fees and costs, calculated from the offering closing date to the date the sale is consummated. IRR may not be indicative of Masterworks paintings not yet sold and past performance is not indicative of future results. See important Reg A disclosures: Masterworks.com/cd Generative AI is a form of artificial intelligence technology that has the ability to create data from raw inputs, such as images, audio, or text. 5. Entertainment and media: Generative AI is revolutionizing entertainment and media industries by enabling the creation of realistic virtual characters, immersive gaming experiences, special effects, and computer-generated imagery (CGI). It has the potential to transform storytelling and visual experiences. They’ve handed members",33,kahma.io - create amazing AI portraits of anyone.,3600,2000000,0,33,Positive
11,https://www.quora.com/How-can-someone-build-an-AI-assistant-like-Siri-How-long-will-it-take-at-least,ChatGPT,How can someone build an AI assistant like Siri? How long will it take at least?,"  But check Siri.. Users can also invoke Siri on Apple Watch by raising their watch close to their mouth and speaking a Siri request. Siri is activated in this way when both: SRI International took the technologies and framework that the CALO project developed to begin the spin-off project that would eventually lead to Siri, as if dictating and reading emails and text messages, without any knowing. 2) artificial intelligenceThere is no definitive ""artificial intelligence"" at this time, due mainly to the fact we haven't cracked ""natural intelligence"" yet.  Up to now, winning a Turing test, such as the Loebner Prize, has been heavily dependent on trickery, smoke and mirrors.  Human conversation is highly psychological in nature, and therefore often marked by theatricality and so-called mind games. and developing Siri for up to two years. A small subset of recordings, transcripts, and associated data without identifiers may continue to be used   by Apple for ongoing improvement and quality assurance of Siri beyond two years. Additionally, some recordings that reference music, sports teams and players, and businesses or points of interest are similarly saved for purposes   of improving Siri. You can see I have asked 5+4+6 and later I have checked that if it can continue the problem “plus two” and it did. Now the fun part, I have changed the subject to “Hello” and later “- 2” . Yes!! it was able to go back problem which I had left. At the time, using easily available technology it",9,I work in computer vision and trained algorithms.,171,149100,0,9,Positive
12,https://www.quora.com/What-is-the-concept-of-generative-AI,ChatGPT,What is the concept of generative AI?," You can learn about Generative AI on YouTube as well. It's available for free. Each tool offers unique features and capabilities to different creators for a wide variety of projects. Generative AI models, such as generative adversarial networks (GANs) or autoregressive models like OpenAI's GPT, work by learning from large amounts of data and then using that knowledge to generate new data. GANs consist of two components: a generator and a discriminator. The generator generates synthetic data, while the discriminator tries to distinguish between the synthetic and real data. Through an iterative process, both components improve their performance until the generator can create realistic data that the discriminator cannot differentiate from the real data. Another early example of generative AI technology can be seen in image manipulation programs such as Adobe Photoshop. You can generate any kind of text from descriptions to SEO content(won't a While generative AI has numerous creative applications, it also raises ethical considerations. For instance, generated content can be used to create deepfakes or spread misinformation. Ensuring responsible use and addressing potential challenges are ongoing areas of research and development in the field of generative AI. This technology was simple but effective, and it helped to establish the principles which now underpin modern AI technology. Programs like this allowed users to manipulate and transform images in ways that were simply impo",14,kahma.io - create amazing AI portraits of anyone.,3600,2000000,0,14,Positive
13,https://www.quora.com/I-want-to-make-an-AI-assistant-in-C-and-dont-know-where-to-start-I-know-basic-C,ChatGPT,"I want to make an AI assistant in C++ and don't know where to start, I know basic C++?"," I think this is more than enough to become a world class programmer in C/ C++, beginning from scratch. Many people tell you that solving lots of problems and you will become red on Topcoder/Codeforces one day. It is true, and is the only universally approved way in competitive programming community, but it is actually just half of the story. Let me first explain to you the `science` of problem solving (which is not very scientific, since it was only developed by myself). A lot.  Thinking specific programming languages, or how many pr Happy Coding and Learning. Thinking specific programming languages, or how many programming languages you know  are really important is the mark of a beginner. “I am a researcher in AI. Believe me, almost all AI frameworks (that I know, and I know a lot) are written in C++ or, may be, some part in Fortran. Python is only an interface to command such frameworks from a terminal. The people outside the AI world believe that AI is done in Python and that's a lie.” An experienced programmer knows they can learn a new language and switch to it if the languages they know aren't the right tool for the task. This goes beyond knowing programming languages, it's knowing how to program. For me, some problems are very easy (e.g. Codeforces div 2 A, B..), because those gaps seem so small to me, and passing through them feel just like casual walking. With basic skills your only real option is to learn how to use web API's of the cognitive functionalities in a ",179,Software Engineer,13200,3600000,0,179,Positive
14,https://www.quora.com/What-is-ChatGPT-Why-is-everyone-talking-about-it,ChatGPT,What is ChatGPT? Why is everyone talking about it?," All in all, ChatGPT is one of the most advanced language models currently available, and it has the potential to change how we use natural language processing. Unless you're into a more old school approach, then it ain't for you! ChatGPT is a fancy computer program made by OpenAI that uses a type of AI called a transformer to make text. It's been trained on a bunch of text data, so it can respond in a way that sounds like a human wrote it. Another reason why ChatGPT is gettin' a lot of attention is because it's available for anyone to use through OpenAI's API. This means that developers, data scientists, researchers and businesses can use ChatGPT to make their own fancy AI-powered applications. ChatGPT is the most recent and state-of-the-art type of conversational AI that is the result of the most sophisticated and revolutionary Open AI AI language models like GPT-3, which has made AI-generated text and conversational AI increasingly realistic, and often hard to tell apart from something written by a human. ChatGPT is the newest chatbot from OpenAI and it demonstrated that chatbots can interact in a very conversational way just like humans do. The GPT-3 model is used by the ground-breaking chatbot, ChatGPT, to create plausible dialogue from a brief writing prompt. This gives it the ability to create stories, tackle challenging problems, clarify ideas, and—given the appropriate prompt. AI refers to the use of artificial intelligence to enable computers to have natural, human-",16,Amazing - clone any voice perfectly w clonemyvoice.io.,3700,2100000,0,16,Positive
15,https://www.quora.com/What-exactly-is-Generative-AI-and-how-does-it-work,ChatGPT,"What exactly is Generative AI, and how does it work?"," AI content summarizers These are just a few of the potential destinations for generative AI in IT. As the technology continues to develop, it is likely to have an even greater impact on IT. Both GANs and VAEs are just two examples of generative AI techniques, and there are many other models and algorithms that can achieve similar goals. Generative AI models, such as generative adversarial networks (GANs) or autoregressive models like OpenAI's GPT, work by learning from large amounts of data and then using that knowledge to generate new data. GANs consist of two components: a generator and a discriminator. The generator generates synthetic data, while the discriminator tries to distinguish between the synthetic and real data. Through an iterative process, both components improve their performance until the generator can create realistic data that the discriminator cannot differentiate from the real data. AI will not be the end of art. It will not be the end of human artistic creativity. It will certainly not stop me from creating more shitty portraits. In summary, preparing for the long-term implications of generative AI requires establishing ethical guidelines, addressing intellectual property concerns, combating misinformation, considering workforce impacts, ensuring fairness and minimizing bias, and promoting human-machine collaboration. Does that make your work meaningless? Generative AI is a powerful tool because it can generate content quickly and without much effort on",1,kahma.io - create amazing AI portraits of anyone.,132,19900,0,1,Positive
16,https://www.quora.com/What-is-Chat-GPT-and-what-is-its-future,ChatGPT,"What is Chat GPT, and what is its future?"," [math]^‡[/math] For now. There’s little doubt in my mind that eventually we’ll create programs that surpass us at everything, including meta-cognition and tricky tasks like finding new theorems in algebraic geometry, convincing physicists they’ve stuffed up some of their basic maths, and coming up with sophisticated ways to gently punish professional philosophers for all the damage they’ve done—but shoving a few trillion more parameters into an LLM is not going to cut it. Well done, Chat GPT. But … ChatGPT and ChatGPT Pro are two remarkable AI language models that have revolutionized the way we interact with artificial intelligence. Both built on the GPT (Generative Pre-trained Transformer) architecture, these models have their unique capabilities and applications. ChatGPT is a variation of GPT that has been specifically optimized for conversation and text generation tasks. It is a highly advanced language model that can respond to user inputs and generate text that is coherent and relevant to the conversation. I worked this through to its (il)logical conclusion: The back end of a hippopotamus on its left side has two legs. HSY NETWORKING Don’t forget to follow for more information. Upvote, share, and comment. Chat GPT uses a natural language processing (NLP) system to respond to the user in a conversational format. The technology is able to understand context and is capable of learning from its interactions, which makes it highly adaptable. As technology continues to advanc",2,Get amazing travel pics w/o travel - try itraveledthere.io,1400,1500000,0,2,Positive
17,https://www.quora.com/What-is-GitHub-CoPilot,ChatGPT,What is GitHub CoPilot?,"  So SCM basically stands for Software Configuration Management. The basic utility of an SCM software is that it is used for keeping track of the changes made to a software under development etc. So in case something goes wrong with the software, SCM will be able to track as to who made the changes and what were the changes that caused the problem. It is also used for version control purposes. So that in case some latest version is not working out properly, so we can shift to a previous version as well. We can keep track of the changes made when we shift to a newer version.In short, we can say that Git is a distributed version control system. I look forward to using it and automating the boring bits of coding like calling libraries and APIs, freeing me to do the work that needs heavy thinking and problem-solving. Despite the jokes and memes, a lot of software engineering involves thinking and designing the solutions, not “copying and pasting from StackOverflow”. It’s Microsoft‘s investment in OpenAI paying off. So helping ease the development process. What happened? We improved developer efficiency and the end result was we needed to hire more developers! I’ve seen this happen time and time again over the years. No. i don’t think so. 1 you have to pay for it. 2 it doesn’t really help you with designing software systems, some of the code it produces is kinda ugly. it will do the job yes, but unless you have the full context of what you want to build step by step it won’t help ",43,Aspiring Pragmatic Programmer,10400,16399999,0,43,Positive
18,https://www.quora.com/Is-GitHub-Copilot-a-threat-to-developers,ChatGPT,Is GitHub Copilot a threat to developers?," To connect to software engineering world, a read of unicorn project is suggested. The Unicorn Project and the Five Ideals: Interview with Gene Kim Copilot couldn’t even replace my cat, who would do no worse a job of writing that class. The great teacher, Don proves very clearly are better than machines in these areas and may continue to be. Now let us see how to apply this to work . Usually… Now, there are researchers putting things like ChatGPT (i.e. LLMs) with systems that have underlying models and those will begin to approximate what software developers do. But, it will take time to actually develop those systems. They aren’t small tasks. And they will take working with actual software developers to create such models. You won’t get them simply by scraping repostitories of source code. The information isn’t there in those repositiories. It’s in the implicit assumptions that the writers of that source code made. Assumptions that software engineers learn as they work in an area. Assumptions that they often cannot even verbalize. Github copilot is automating part of just that i.e. finding contextual code references to use from. You get one class with a constructor with strings for make, model, description and one method save() which writes to a file Let’s say you are a courier. You make deliveries on a bicycle. With GitHub Copilot, developers can save time and effort by generating code snippets for common tasks or functions. This can be especially useful for repetitive task",3,Started programming 8 bit computers in 1981,1200,666800,0,3,Positive
19,https://www.quora.com/What-is-ChatGPT-and-how-can-you-use-it,ChatGPT,"What is ChatGPT, and how can you use it?"," HOWEVER - You absolutely can use it to give you ideas, or a general outline of what you want to write, and that’s a great tool to have, to be honest. Like other GPT models, ChatGPT is a transformer-based language model that is trained to generate human-like text by predicting the next word in a given sequence. However, ChatGPT has been specifically designed to generate text that is suitable for use in chatbot conversations, and it has been trained on a large ChatGPT is a variant of the GPT (Generative Pre-training Transformer) language model that is designed specifically for chatbot applications. It was developed by OpenAI and introduced in a research paper titled ""ChatGPT: A Large-Scale Pre-trained Chatbot Model"" that was published in 2020. ChatGPT can also help you refine the structure of your essay by suggesting alternative sentence structures or rearranging paragraphs for greater impact. Additionally, if you're having trouble coming up with ideas, ChatGPT can help generate titles and topic sentences to get your essay started. By using ChatGPT to write an essay, you can save yourself time while still producing high-quality content. So, imagine this. You're sitting in a café, coffee in hand, and there's a stranger sitting across from you. This stranger doesn't look like anyone else in the café. They're not flipping through a newspaper or tapping away on a laptop. Instead, they're simply sitting there, patiently waiting for you to strike up a conversation. When you do, you ",59,Top 1% SAT Scorer & Mentor,2900,628300,0,59,Positive
20,https://www.quora.com/Is-GitHub-Copilot-bad-for-DRY,GitHub Copilot,Is GitHub Copilot bad for DRY?," While Copilot can help generate code, it is up to the developer to ensure that the code is well-organized, readable, and follows best practices like DRY. In some cases, Copilot may suggest code that is not DRY, and it is up to the developer to modify the code to make it more efficient and maintainable. GitHub Copilot is a powerful tool that can help developers write code more efficiently. However, it is important to remember that Copilot is just a tool and that it should not be used as a substitute for good coding practices like DRY (Don't Repeat Yourself). In some cases, Copilot may actually help to enforce DRY principles by suggesting reusable code components or by identifying areas where code could be refactored to eliminate redundancy. However, it is important for developers to use their own judgement and not blindly accept Copilot's suggestions without considering whether they align with good coding practices, including DRY. In summary, GitHub Copilot is not necessarily bad for DRY principles, but it is up to the developer to ensure that the code they write is efficient, maintainable, and follows best coding practices, including DRY. DRY is a software development principle that advocates for code reuse and reducing redundancy. The idea is to avoid duplicating code and instead create reusable components that can be used in multiple places. While Copilot may suggest lines of code that are similar to existing code, it is up to the developer to determine if Let me tell you ",1,,4900,156300,0,1,Positive
21,https://www.quora.com/In-what-ways-does-Code-Interpreter-go-beyond-generating-text-responses-as-an-AI-assistant,GitHub Copilot,In what ways does Code Interpreter go beyond generating text responses as an AI assistant?," Of course. Also, aerospace engineering is just glorified match lighting, classical ballet is glorified booty shaking, molecular biology is glorified birdwatching and religious ecstasy is glorified rain dancing. Code Interpreter goes beyond generating text responses as an AI assistant by offering several distinct capabilities and functionalities: Everything had humble roots. Calling something “glorified humble roots” doesn’t tell you anything valuable about its current depth, complexity, variety, promise and significance. The term “AI” has been overused and overhyped in recent years, but branding it merely “glorified curve-fitting” is unhelpful. 2. Language Flexibility: Code Interpreter supports a wide range of programming languages, including Python, JavaScript, Ruby, Java, C++, and more. This flexibility allows users to interact with the assistant using their preferred programming langu In summary, Code Interpreter goes beyond generating text responses by offering code interpretation and execution capabilities, code-specific assistance, code examples, and snippets, support for multiple programming languages, and interactive learning features. Its unique functionalities make it a valuable tool for developers, programmers, and learners in the coding and software development domain. 6. Incorporation of Coding Libraries: Code Interpreter integrates with various coding libraries and frameworks, allowing users to leverage their functionalities directly. It provides access to popu",1,CS degree and many years of coding.,306,12200,0,1,Positive
22,https://www.quora.com/What-is-your-opinion-on-using-AI-tools-like-Jaspers-or-Copywrite-for-English-assignments-Do-you-think-it-is-cheating,GitHub Copilot,"What is your opinion on using AI tools, like Jaspers or Copywrite, for English assignments? Do you think it is cheating?"," Read: Gary Halbert, John Carlton, David Ogilvy's books, Joseph Sugarman's book, Bob Bly has a great (long) book on all the tactics of copywriting. 3. It scales beautifully. Most marketing efforts don’t last -- they’re created once, they’re seen once, and then they’re gone forever. Think about it? ​You​ ​will​ ​get​ ​a​ ​small​ ​piece​ ​of​ ​the​ ​pie ​ ​or​ ​the​ ​crumbs,​ ​but​ ​rarely​ ​will​ ​you​ ​have​ ​enough​ ​capital to​ ​dominate​ ​the​ ​market. The​ ​Hot​ ​Market You see what others are doing and what NOT to do (and what you should be doing). But there is a huge difference between a writer and a copywriter. Lets me take you back in time, to fill you in on all the juicy details. The next step is how to identify exactly what your customers' hopes, fears, and dreams are -- and how to use them to reach out and grab your customers' attention through the screen. Then when you have done that... And a company called Masterworks has built the largest securitized art investing platform. So by this point, I always thought that I wanted to share my insights with my audience, without even meeting them where they were at. The change to a less physical existence and a more mental one has come with a lot of convenience, but also, at the same time, a deep lack of purpose. Humans no longer strive to be faster runners or stronger b Once you set all of these up, your system will be in place. This yet again caused me to have another perspective shift, which ill shares with you in a mom",324,"Head of Copywriting Agency, Gives Marketing ideas away for free all the time",633,26600,0,324,Positive
23,https://www.quora.com/What-is-a-generative-AI,GitHub Copilot,What is a generative AI?," A discriminative AI is a model which tries to assign labels to objects based on their features. The classical example here would be spam detection. You feed you AI am email message and ask it is this spam or not? (“spam” and “not spam” being the labels). The discriminative AI will count how often each word appears in the message and based on the distribution of words (words and their frequency) it’ll determine what label to assign. The reason why we are talking more about it now is because of the revolution chat gpt has bought in the tech world. I hope this meets your requirements! How Does Generative AI Work? One of the key advantages of generative AI models is improved decision-making. By analyzing data and providing insights and predictions, these models help businesses make more informed choices. They also foster innovation by generating ideas for new products and processes, giving companies a competitive edge. It does this by learning from existing data and then using that data to generate new examples that are similar to the original data. Generative AI is a type of artificial intelligence (AI) that is able to create new content from existing data. It is a powerful tool for creating new ideas, products, and services. Generative AI is used in a variety of fields, including natural language processing, computer vision, robotics, and machine learning. Generative AI is different from traditional AI in that it is able to generate new con Generative AI, is a type of artifici",15,Certified SAT instructor with 10+ years experience,94,406500,0,15,Positive
24,https://www.quora.com/What-do-tools-like-GitHub-Copilot-mean-for-the-future-of-programming,GitHub Copilot,What do tools like GitHub Copilot mean for the future of programming?," What happens when you introduce a tool such as GitHub Copilot into the mix and it improves the efficiency for which software can be delivered? When you code in lower abstraction like assembly or C, tools like that will be difficult to use even created. This team has 3 backlogs: That’s actually an interesting question. I’ll use one of my teams as an example. They have a two year backlog which they manage with their roadmap. What they don’t know is there’s a planning group managing a 3–5 year backlog beyond that. I question the wisdom in having a team look beyond 1 year, much less look out 5 years! Why? Take a look at my credential “Decades of Software Development Experience.” Throughout my career there have been new technologies proclaiming to eliminate or greatly diminish the need for programmers. You know what’s happened? We’ve needed even more programmers! Tools like github copilot will be king if you use that for high languange with higher abstraction. There’s add So great - GitHub Copilot just means there’s going to be that much more work to do! Siri only works for me about 50% of the time, and I’m supposed to believe that some AI tool is going to replace developers? I’ve been hearing that a multitude of tools will replace developers during my 40 years of writing code and I’ve never yet to see it happen. What happened? We improved developer efficiency and the end result was we needed to hire more developers! I’ve seen this happen time and time again over the years. I had",3,,528,814500,0,3,Positive
25,https://www.quora.com/Has-anyone-applied-AI-for-stock-trading-with-a-90-or-higher-success,GitHub Copilot,Has anyone applied AI for stock trading with a 90% or higher success?," Lesson Three: do not use CAPM or Markowitz Theory on your foundation. Simply take a look at the performance of traditional Hedge Funds, and you will see that investing based on optimal correlation and efficient frontiers worked well in the 1970's. Not anymore. Create a new animal. 5. See If you Can Get Car Insurance For as Low as $19/Month* Once enrolled in the program, Freedom Debt Relief will negotiate a settlement with your creditor, and if you approve the offer they come back with, you’ll pay off that reduced balance though a monthly program deposit. My credentials. I have been trading stocks since 1989. After studying Computer Engineering at UNAM in Mexico I have worked 25 years at financial institutions there, in Spain and South America. I began trading with automated strategies in 1998. In 2013 left a Bank and founded a Start-Up, GAANNA, where the last two years attained As a reference point, on a residualized return (meaning you remove overall market movement) with a base rate of very cl... What’s the next step you should take? What are some specific things you can do to take your finances to the next level? Lesson Four: Do not trade intra-day or with high levels of leverage. UHF algorithms will eat you alive, fast and furious regime changes in volatility will sink your vessel. In the last year, this has saved people $160 million. Good afternoon! Of course, I tried to find an AI for stock trading on the Internet that could accurately predict stocks, but of course eve",263,,95,877900,0,263,Positive
26,https://www.quora.com/What-is-generative-AI-and-why-are-companies-looking-to-harness-it,GitHub Copilot,What is generative AI and why are companies looking to harness it?," In summary, preparing for the long-term implications of generative AI requires establishing ethical guidelines, addressing intellectual property concerns, combating misinformation, considering workforce impacts, ensuring fairness and minimizing bias, and promoting human-machine collaboration. The most important thing is PR. Everyone must know Does that make your work meaningless? Sure some guy could type a few words and create an artwork better than I could ever do. But they will never know the joy of creating something from scratch. They will never know the pleasure of watching a face emerge from nothing, one brushstroke at a time. They will never get to enjoy the process of creating a painting, starting from the first sketch line to the final painted line. You can ask the AI generator to create an “Octopus writer”, but it wouldn’t be the one I created. Generative AI has the potential to revolutionize IT in a number of ways. Here are some potential destinations that lie inside IT as generative AI becomes more prevalent: Virtual Assistants and Chatbots: Midsize companies can implement generative AI to create virtual assistants or chatbots that can handle customer inquiries, provide support, and enhance customer experiences. These AI-powered assistants can help with tasks like answering FAQs, guiding users through processes, or providing personalized recommendations. Personalization and Recommendation Systems: Generative AI can power recommendation systems to provide personal",1300,kahma.io - create amazing AI portraits of anyone.,2100,48500,0,1300,Positive
27,https://www.quora.com/What-is-your-opinion-on-the-use-of-AI-tools-in-software-code-writing,GitHub Copilot,What is your opinion on the use of AI tools in software code writing?," I was confident about my coding skills and went in heads high to convert my internship to a full-time offer.  * 1. Increase in the Speed and Scale of Development How DevOps will change once AI is rooted within every part of it can be judged by key aspects of software delivery performance. ... * 2. Changing The Role of Developers The role of software developers... Finally, when my review was worth a look, I got a plethora of comments. I improved over time. So does everyone! I interned at Amazon in the summer break of my second year. It was my first encounter with production code. Definitely. Pick a topic that you know a lot about and try to have a conversation with GPTChat. Do you notice something? I wrote a simple API and raised a code review. At Amazon after struggling with understanding the systems for a couple of weeks, I took to writing code. Revision after revision of the same review. I took me 12 revisions to get my first review accepted! It was rejected at the first look! I was asked to use a check-style. It was rejected the second time on the same day to reduce the number of files in the review. The code it produces is no different. You need someone with an actual clue to filter through and fix the output before it is of any use. AI tools can help automate more mundane work for software developers. GPTChat is what I call ASI, artificial superficial intelligence. It produces output that is superficially intelligent and also unmistakably wrong. It reminds me of a certa",1,PhD in CS,166,12700,0,1,Positive
28,https://www.quora.com/I-used-an-AI-detector-on-my-final-essay-and-it-came-out-positive-but-I-never-used-AI-What-do-I-do,GitHub Copilot,"I used an AI detector on my final essay and it came out positive, but I never used AI. What do I do?"," Not use the dumb boot finding dumb bot next time. Because it’s obviously too dumb. Summary: If an AI detector falsely Rather than worry about robotic adoption, it is clear that artificial intelligence offers more benefits than risks. To properly assess the potential benefits of AI  The purpose of artificial intelligence is to support human capabilities and help us make progressive decisions with far-reaching consequences. At the highest level, artificial intelligence (AI) is a technology that enables computers to learn, take action, and make recommendations based on previously collected data. Machines can ""learn"" from experience by taking in more data and performing tasks like humans. Sources: 0, 7, 12 Cited Sources Consider also music teachers. Did music teachers become obsolete when people could download songs from iTunes? Or are there people who still want to learn to play the piano or the violin? This is what the AI replies with. Also note I have not edited or done anything to this text. My only input was your quotation. However, having read a number of questions/claims like this on social media, did your professor actually accuse you, in the sense of stating their conclusion in an academic integrity report? Or did they express concern and ask you? Because that seems to be a common feature. Students getting asked if they did the work and then responding as though they had been accused. If you were accused, you'd know. The academic integrity reports are not ambiguous, and",1,"Indie Author: Dragon Imperative out July 1. S9, B2. Novel#62",26000,15600000,0,1,Positive
29,https://www.quora.com/Why-is-the-GitHub-Copilot-subscription-so-cheap-Does-it-mean-it-brings-no-significant-performance-improvement-to-developers-working-on-real-life-software-projects-I-mean-those-far-beyond-Hello-World-or-three-cats,GitHub Copilot,"Why is the GitHub Copilot subscription so cheap? Does it mean it brings no significant performance improvement to developers working on real life software projects? I mean those far beyond ""Hello, World"", or three cats shown in mobile application."," Forest Copilot couldn’t even replace my cat, who would do no worse a job of writing that class. Github uses Git - a version control system (VCS). A VCS does following stuff Usually… Now, there are researchers putting things like ChatGPT (i.e. LLMs) with systems that have underlying models and those will begin to approximate what software developers do. But, it will take time to actually develop those systems. They aren’t small tasks. And they will take working with actual software developers to create such models. You won’t get them simply by scraping repostitories of source code. The information isn’t there in those repositiories. It’s in the implicit assumptions that the writers of that source code made. Assumptions that software engineers learn as they work in an area. Assumptions that they often cannot even verbalize. No, it wouldn't. Github has come up as a place for developers to collaborate and work on code. So opening up the platform for other types of collaboration would make them lose their focus which is currently on what developers need. You get one class with a constructor with strings for make, model, description and one method save() which writes to a file Hahahahaha it’s killing me. Development can then start. The price isn’t correlated to usefulness, the price is based on what GitHub think people will pay (or not). In one demo you ask it for a class to describe a car.  * Allows for multiple people to work on changes at the same time by creating separate bran",8,Started programming 8 bit computers in 1981,4200,17000000,0,8,Positive
30,https://www.quora.com/What-is-your-opinion-on-the-use-of-generative-AI-in-todays-society,AI Tools Opinions,What is your opinion on the use of generative AI in today's society?," And yet Google did it. When a new experience is encountered, the code will look up that experience in the database and the database will spit back the best possible outcome. Additionally, it adds your ""Hello"" to its database. C) TREES How does the world champion value a position instead of a weak player? I already have examples of many terrorists who trained in the US and then went on to perform or attempt acts of terror. And finally, they made the evaluation function STUPID in order to use less code so the hardware could value more positions. 5) Statistics: Every microsecond it uses statistics to see if there is blank space or an object that must be avoided or a traffic sign that must be followed. I don't know. Ask the humans with AI implants that enhance their brains so when they look at you they know exactly what answers will make you happy. I have been invested in many companies that collect and sell data. I was an early investor (and on the board of) bit.ly, as an example. bit.ly accounts for about 2-5% of all Internet traffic. It's data. For instance, if you see clouds in the sky, your brain thinks: ""Hmmm, the last 100 times I saw clouds this dark, it usually meant it was about to rain"". 4) Start driving. But a Go game can involve trillions of possibilities. How did Google make a program, Deep Go, to beat the world's best Go player. This was thought to be impossible. Generative AI allows us to transform mundane tasks into creative experiences by automating certain proc",52,kahma.io - create amazing AI portraits of anyone.,3600,2000000,0,52,Positive
31,https://www.quora.com/What-is-ChatGPT-and-how-does-it-work-Is-it-safe-for-us,AI Tools Opinions,"What is ChatGPT, and how does it work? Is it safe for us?"," As a language model, I am not capable of being used to cheat on homework or any other type of assignment. I am designed to assist with a wide range of tasks by generating text based on the input I receive, and I do not have the ability to access external sources of information or interact with the internet. The accuracy and helpfulness of my responses depend on the quality of the input I receive, and if I am not given sufficient information or if the input is unclear, my responses may not be as accurate or helpful as they could be. I am not a substitute for doing your own work, and it is important for students to use their own knowledge and understanding to complete their assignments. ChatGPT can be used in a variety of applications, such as language translation, text summarization, and question answering. It can also be fine-tuned for specific tasks such as sentiment analysis, language generation, and text completion. As a neutral entity, I do not have the ability to make value judgments or express personal opinions. My purpose is to assist users by providing accurate and relevant information based on the input I receive. While I cannot advocate for or against any particular political ideology or group, I can provide some general information that may be relevant to your question. It is important to keep in mind that the output generated by ChatGPT is based on the data it has been trained on and the input given to it, therefore, it may not always be accurate or appropriate. ",1,"Small business owner, serial entrepreneur",116,31300,0,1,Positive
32,https://www.quora.com/How-can-I-use-generative-AI-without-learning-Prompt-engineering,AI Tools Opinions,How can I use generative AI without learning Prompt engineering?," It is a new dawn for propaganda now? I sense an epic breakthrough with AI-generated images. And in the longer term, videos. It’ll be the era of cheap, impactful, finely tuned—and above all abundant!—visual propaganda. Among other cool features like document chat, and AI persona generator it also comes with a huge prompt library that has 100+ ready-to-use prompts that you can modify as per your requirements. Generative AI is also being used to improve the design sector. This is the case with Jacobs, an engineering business that developed a generative engineering capacity for NASA to assist in the creation of a life-support backpack for its next-generation space suits using software. I’m very visual. To understand something, I must visualize it. Or establish some visual anchor points in faces and material objects. But the best part comes to using a generative AI for free. ChatGPT is available for free of cost(for now), but GPT-4 is paid. So better stick with ChatGPT. This works for Text generation and the more you play with it, the more you can learn better. Movie restoration The change to a less physical existence and a more mental one has come with a lot of convenience, but also, at the same time, a deep lack of purpose. Humans no longer strive to be faster runners or stronger b This is a much more affordable and convenient option to access and use generative AI tools without learning any additional skill like Prompt engineering in my opinion. Generative AI allows the early ",1,Experienced prompt engineer,364,6100,0,1,Positive
33,https://www.quora.com/What-is-your-best-experience-with-ChatGPT,AI Tools Opinions,What is your best experience with ChatGPT?," As an artificial intelligence language model, I do not have personal experiences, emotions or preferences like human beings do. However, I have been programmed to provide accurate and helpful responses to the best of my ability in response to user inputs. I have had many interactions with users and have helped to answer questions, provide information, and offer guidance on a wide range of topics. It is rewarding to know that I am able to assist people in this way, and I am constantly learning and improving so that I can continue to be a useful tool for those who interact with me. Finally, our group of teens got to enter. I was behind the group & directly behind my daughter. Dark, scary, fun, and long was the walk in the pitch-black, winding corridors. Suddenly a man dressed as the Grim Reaper jumped out right in front of my daughter and scared her so badly she screamed and fell backwards - on top of me and those behind me - toppling all of us over! The (now kind & sorry) Grim Reaper helped us all up, and, noting her extreme reaction of fear, he came out of character long enough to offer to sneak us out a side exit. She said 'no, its okay' and we moved on - embarrassed. I think my best experience is whenever I have been able to help someone find the information they were looking for, or provide them with insights that they might not have thought of before. It's always fulfilling to see people learn something new or gain a new perspective on a topic. Comparing notes, they figu",257,More than 3 year,275,27100,0,257,Positive
34,https://www.quora.com/What-is-generative-AI-and-how-does-it-work-in-creating-art,AI Tools Opinions,What is generative AI and how does it work in creating art?," While this modern-art masterpiece… Generative art Does that make your work meaningless? Generative AI tools have gained significant attention in recent years for their ability to create original and unique artwork. These tools use machine learning algorithms, such as generative adversarial networks (GANs) or variational autoencoders (VAEs), to generate new images, music, poetry, and more. Sure some guy could type a few words and create an artwork better than I could ever do. But they will never know the joy of creating something from scratch. They will never know the pleasure of watching a face emerge from nothing, one brushstroke at a time. They will never get to enjoy the process of creating a painting, starting from the first sketch line to the final painted line. You can ask the AI generator to create an “Octopus writer”, but it wouldn’t be the one I created. I think that there is little that is out of reach for advanced AI of the future. Let's leave the question of the AI singularity alone for now. Instead, I think that deep learning efforts at Google and elsewhere are making AI systems learn faster and faster, with a growing rate of acceleration. Advanced AI can now address increasingly complex tasks including medical diagnosis, stock market trading, weather prediction and human behavioral modeling. Very soon, it will be able to take the place of certain types of teachers, and find a role in education. It can already deal with complex systems in software and mathematic",14,kahma.io - create amazing AI portraits of anyone.,3600,2000000,0,14,Positive
35,https://www.quora.com/Have-we-just-witnessed-ChatGPT-completely-transform-the-working-world-Ive-been-using-it-for-a-while-and-I-feel-like-I-really-dont-need-to-hire-that-many-people-for-my-small-business-now,AI Tools Opinions,Have we just witnessed ChatGPT completely transform the working world? I've been using it for a while and I feel like I really don't need to hire that many people for my small business now.," ChatGPT says: It can be a good starting point for reading about a topic, or producing some text, but you should never consider it to be a completely accurate source of information. They’ve handed members +21%, +27%, and +32% net returns from some of their past offerings. A call did come, from foreign land, As the hype builds around each new incipient trend, it reminds me of the Ben Graham book Intelligent Investor, where he talks about the car industry. I Commanded ChatGPT to Generate Cold Email in Humourous Tone If you DO understand the subject, chatGPT’s answers seem vacuous and low-information (at best) and are just plain flat-out wrong (at worst). ChatGPT is made to create (relatively) original human sounding text. It is made to interpret human thought and give answers. What it is NOT made to do is reason. And this is okay. Most computers are really good at reasoning, that wasn't the goal with ChatGPT. What it is designed to do I think it does really well and I think it's a really impressive thing. Problems once thought impossible, Same thing with AI and ChatGPT. Yes, it’s a good technology. Yes, there will be an application for it. Yes, you could find a niche Use Case that will make your company money. No… you can’t use it to replace your workforce. You’ll find yourself firmly in the ‘Trough of Disillusionment’ pretty soon if you do. Honestly I think there’s a certain Dunning-Kruger thing going on with chatGPT. If you personally don’t have a lot of understanding of a su",3400,"Small business owner, serial entrepreneur",50400,963400000,0,3400,Positive
36,https://www.quora.com/Will-GitHub-Copilot-replace-developers-Will-learning-to-code-be-worth-it-in-the-future,AI Tools Opinions,Will GitHub Copilot replace developers? Will learning to code be worth it in the future?," GitHub is populated by programmers who are two or three sigmas better than average; their code is subtle, complex, and incomprehensible to mere mortals. There are also a lot of programmers more than one sigma below average, and their code is probably crap. Such code constitutes horrific examples of bad code. In between, there are a lot of excellent examples of really good code. Like with most Internet resources, the problem is telling one from the other. But GitHub was never intended to be an exploration platform for people learning to code, so the fact that it is not “perfect” for a purpose it was never designed for seems an irrelevant concept. Copilot couldn’t even replace my cat, who would do no worse a job of writing that class. Technically: What happened? We improved developer efficiency and the end result was we needed to hire more developers! I’ve seen this happen time and time again over the years. GitHub Copilot as we know it today? Absolutely not. A future “AI”-fueled autocomplete-system? Perhaps to some degree, but not entirely. Usually… Regardless of how good they become they are still basing their output on pre-existing code, without the total overview of the problem to solve, and no proper idea how to verify correctness, performance and utility. Now, there are researchers putting things like ChatGPT (i.e. LLMs) with systems that have underlying models and those will begin to approximate what software developers do. But, it will take time to actually develop tho",14,Develops software for a living,10900,11200000,0,14,Positive
37,https://www.quora.com/Will-GitHub-Copilot-take-away-most-of-the-programming-jobs-in-the-near-future,AI Tools Opinions,Will GitHub Copilot take away most of the programming jobs in the near future?," What copilot does not do is tell you what method to write next. Or what class. Or what the responsibility splits should be. Or when to use an interface. Or whether the coupling is too high. Or the cyclomatic complexity. Or how to test. Or what for. “Write me Javascript code with two functions, one which will accept a list of key-value pairs consisting of a country abbreviation and a population, and another that will return the population of a country requested in constant time.” So maybe I’m clever and try to word things better. Robotics, like any major revolution, can indeed cause chaos in the society. No different from agricultural revolution or industrial revolution. There will be displacement. People said the same for computing too. Could the people who were worried about computers doing spreadsheets in 1970s have thought about the whole new industries created by computing 40 years later? I think that there is little that is out of reach for advanced AI of the future. Let's leave the question of the AI singularity alone for now. Instead, I think that deep learning efforts at Google and elsewhere are making AI systems learn faster and faster, with a growing rate of acceleration. Advanced AI can now address increasingly complex tasks including medical diagnosis, stock market trading, weather prediction and human behavioral modeling. Very soon, it will be able to take the place of certain types of teachers, and find a role in education. It can already deal with complex syst",3,I like computer programming and love to code in java,65,73900,0,3,Positive
38,https://www.quora.com/What-AI-based-tools-are-available-for-science-research-and-literature-reviews,AI Tools Opinions,What AI-based tools are available for science research and literature reviews?," Semantic Scholar AI ha been around for about 30 years. In fact, I invented an AI based program myself in 1998, selling it for $550K. Understand that it must be taught or scripted before it can think for you. So, someone knows it first. Screenshots: Here is my list so far: Omnity Iris.ai In science it can be used for earthly topics, In space, it can be used for human projections to unknown effects of gravity. In literature it can be mined for known topics that are too complex to for quick thinking. Watson is a remarkable database that demonstrates the most human like capabilities. Closed-access:",60,Curating tools to improve problem-solving,18400,24900000,0,60,Positive
39,https://www.quora.com/What-language-should-I-know-to-code-an-AI-like-Siri-Alexa-or-Cortana,AI Tools Opinions,"What language should I know to code an AI like Siri, Alexa, or Cortana?","  Where do you live? I can write a ton on this subject, but I get tired. Here's a quick read on the capabilities of Cortana: http://www.simform.com/blog/10-ways-that-cortana-will-revolutionize-your-life/ Just think a scenario,If we ask Alexa, “How are you?”, It will reply,”I am good and what about you”. or else we change our question, “What about you?”, then it reply “I am good and what about you”. Now our question patterns are different but expected answers are same, but in other case the user don't feel great if it reply the same answer again and gain, so on second time if you ask the question “How are You?”, it randomly pick from predefined set and answer This comic was made in 2014. For, beginners to create a chat bot can use the online platform IBM Watson can be used as well there are many code free chatbots can also be created, follow this article Who’s your daddy? Questions asked to cortana Siri, Alexa and Cortana are chatbots, that are provided with certain set of predefined answers for our different pattern of same question. What does Cortana mean? The only place where Siri has an upper hand on Cortana is that Siri can even identify the very regional modifications of a language, It can accurately understand the difference between English accent of California and New York. Are you male or female Fourth, Cortana's algorithm understands t Just think a scenario,If we ask Alexa, “How are you?”, It will reply,”I am good and what about you”. or else we change our question, ",3,20+ years of PM and technical leadership,77,26100,0,3,Positive
40,https://www.quora.com/Are-AI-tools-changing-traditional-content-writers-What-are-your-opinions,AI Code Assistants,Are AI tools changing traditional content writers? What are your opinions?," To make a pottery analogy, if you were forced to write with GPT-3 every time, it would be like starting with a quasi-molded block of clay — except that block was extra firm already — and required much more work than a fresh and untouched block. 4. Pick a niche The best way to get there is to just keep writing. Here is an example… Approaching potential clients is exciting, yet nerve-wracking. So we shouldn’t be surprised that they sound like a machine. See what I mean? (Your Name) Once you’ve landed your first client, now is when the real work starts. You need to balance keeping clients happy, with landing new clients, and not going crazy ;) 4. Follow up. If you don’t hear back right away, follow up. Most marketers and website owners are busy people so it’s not uncommon for an email to get missed or forgotten about. I hope that answered your question. The real impact of AI tools on traditional content writers will not come for a few years, but in the coming two or three years. It will be when they are able to automatically detect patterns in content and start identifying potential new topics or angles for article writing. Then you'll see the impact AI tools have on writing quality. This may include the development of artificial intelligence tools that can assist with tasks such as writing, editing and formatting, and the creation of more advanced artificial intelligence systems capable of producing original content. In addition, artificial intelligence can be used to increase",152,"Published fiction and nonfiction author, compulsive writer",50400,963400000,0,152,Positive
41,https://www.quora.com/What-do-you-think-about-AI-tools-give-your-opinion-about-it,AI Code Assistants,"What do you think about AI tools, give your opinion about it?"," Most online wealth gurus hopped on the AI train, claiming you can make money fast with tools like ChatGPT. Pick a topic that you know a lot about and try to have a conversation with GPTChat. Do you notice something? So in short - they are tools! They help you automate, they increase productivity. An oft repeated statement in the AI field is that the goal-posts keep moving. What was considered 'AI' yesterday is reduced to be 'only software' when it actually happens. Both Google and the spellchecker in your word-processor 'understand' written language. The spell-checker knows human-language grammar and Google 'knows' if a webpage is relevant to your question. Any software being able to recognize someone's face in a picture would once have been considered a true and impressive AI application. There's programs written to keep a humanoid robot upright and walking, we have algorithms that do An oft repeated statement in the AI field is that the goal-posts keep moving. What was considered 'AI' yesterday is reduced to be 'only software' when it actually happens. Both Google and the spellchecker in your word-processor 'understand' written language. The spell-checker knows human-language grammar and Google 'knows' if a webpage is relevant to your question. Any software being able to recognize someone's face in a picture would once have been considered a true and impressive AI application. There's programs written to keep a humanoid robot upright and walking, we have algorithms that do",8,,143,8500,0,8,Positive
42,https://www.quora.com/How-can-I-create-my-own-custom-AI-assistant-I-know-programming-and-need-a-little-guidance-on-AI-making-tools-and-vice-versa,AI Code Assistants,How can I create my own custom AI assistant? I know programming and need a little guidance on AI making tools and vice versa.," But for making a smart personal AI assistant by your own that is using deep learning as well as a good level of Natural Language Processing you need to use an API.There are a number of APIs on the market, most popular of which are api.ai, Wit.ai, Melissa, Tensorflow, Clarifai, IBM W But for making a smart personal AI assistant by your own that is using deep learning as well as a good level of Natural Language Processing you need to use an API.There are a number of APIs on the market, most popular of which are api.ai, Wit.ai, Melissa, Tensorflow, Clarifai, IBM Watson etc. Well i suggest Python because python is one of the most widely used and best supported language in field of Artificial Intelligence because of its flexibility, simplicity. https://apps.worldwritable.com/tutorials/chatbot/ check out that website link-: How To Develop a Chatbot From Scratch – Chatbots Magazine As my point of view Tensorflow is one of the best API for AI assistance. It automatically builds artificial neural network graphs and implements complex memorizing algorithms which are based on the present database as well as on individual user interaction.The only disadvantage of Tensorflow is that it is quite difficult to understand for beginners. In order to create a simple personal AI assistant, some programming abilities are required. In particular, such languages as Lisp,java and Python. What sort of AI assistance tools do you need ? Do you need to build chatbot ? There are a number of platforms th",10,"Extensively written about the topic, researcher",8300,33800000,0,10,Positive
43,https://www.quora.com/What-are-some-examples-of-generative-AI-applications-that-have-blown-our-minds,AI Code Assistants,What are some examples of generative AI applications that have blown our minds?," AI content summarizers The adoption of generative AI applications could also catalyze a shift toward a more sustainable economy, as it can be utilized to optimize processes and reduce waste. Generative AI is also being used to improve the design sector. This is the case with Jacobs, an engineering business that developed a generative engineering capacity for NASA to assist in the creation of a life-support backpack for its next-generation space suits using software. Generative AI has a wide range of applications in the fields of art, music, fashion, gaming and more. Some examples of generative AI include: Virtual Assistants and Chatbots: Midsize companies can implement generative AI to create virtual assistants or chatbots that can handle customer inquiries, provide support, and enhance customer experiences. These AI-powered assistants can help with tasks like answering FAQs, guiding users through processes, or providing personalized recommendations. Movie restoration Personalization and Recommendation Systems: Generative AI can power recommendation systems to provide personalized product or content recommendations to customers based on their preferences, behavior, or historical data. This can enhance customer engagement and increase conversion rates. AI Chat and search Generative AI allows the early detection of prospective diseases so that effective remedies may be developed while the illness is still in its infancy. For instance, AI computes several x-ray picture angles t",15,Certified SAT instructor with 10+ years experience,348,6800,0,15,Positive
44,https://www.quora.com/How-do-developers-react-to-GitHub-Copilot,AI Code Assistants,How do developers react to GitHub Copilot?," Cars were not saved to a text file; massive lol at that scale. They weren’t even saved from most objects representing cars. They weren’t even called cars as that is just one kind of automotive stock. People are also liking GitHub copilot because it helps to write code more quickly and efficiently, but on the other hand, it is also getting a lot of criticism and the reason behind it is that: GitHub copilot uses a language generation algorithm from OpenAI called Codex and Codex is trained on billion lines of publicly available source code and in the end, it charges a subscription fee to use it. The GitHub Copilot tool is a new tool developed by GitHub to autocomplete code with OpenAI. Microsoft invested $1 billion last year in the project, which was built in collaboration with OpenAI, the artificial intelligence lab founded by Elon Musk, Sam Altman, and others. The OpenAI Codex model is an adaptation of its GPT-3 language-prediction model for computer code. In ad Who is it replacing again? The learning we need people to do to advance as software engineers is subtle. It is not something one can look up, not something one can memorize. It requires the ability to understand requirements that are often vaguely stated and yet map them into a program that does something precise. They require a lot of contextual knowledge, combined with the ability to reason and see that something doesn’t “make sense” and is going to violate some model that is implied but not stated. That’s what expe",1,I've been programming & managing remote teams for a decade+,251,161600,0,1,Positive
45,https://www.quora.com/What-is-GitHub-Copilot-X,AI Code Assistants,What is GitHub Copilot X?,"  I look forward to using it and automating the boring bits of coding like calling libraries and APIs, freeing me to do the work that needs heavy thinking and problem-solving. It’s Microsoft‘s investment in OpenAI paying off. What happened? We improved developer efficiency and the end result was we needed to hire more developers! I’ve seen this happen time and time again over the years. Or as I used to say, the best way to find out what the customer wants is to deliver what they asked for. A web-based platform and version control system called GitHub makes it possible for teams to build software together. Developers may save, manage, and monitor changes to their codebase using this centralised repository. GitHub's core technology, Git, enables concurrent collaboration between numerous contributors while retaining a comprehensive history of code changes. It includes tools for project management as well as capabilities like code review. It is simple for developers to work together, integrate code changes, and settle disputes. GitHub is a well-liked site for sharing and learning ab Github copilot is automating part of just that i.e. finding contextual code references to use from. Now what is a version control system? The real problem in software development is that understanding the goal well enough to program a corr But heck, he deleted a function which he didn't use but you really needed it for your feature to work and now the whole thing doesn't even compile. Let me tell you ",43,Aspiring Pragmatic Programmer,194,8900,0,43,Positive
46,https://www.quora.com/How-powerful-is-ChatGPT,AI Code Assistants,How powerful is ChatGPT?," “Write me Javascript code with two functions, one which will accept a list of key-value pairs consisting of a country abbreviation and a population, and another that will return the population of a country requested in constant time.” 4. Contextual Understanding: ChatGPT leverages a transformer-based architecture that allows it to capture the context and relationships between tokens in the input. It utilizes attention mechanisms to assign importance to different parts of the input, focusing on relevant information for generating a response. ChatGPT is built upon the GPT (Generative Pre-trained Transformer) architecture, which is a type of neural network model. The underlying mechanism of how ChatGPT works can be summarized in the following steps: 2. Fine-tuning: After pre-training, ChatGPT undergoes a fine-tuning process using specific datasets that are carefully  Again, its response is decent from the parameters I gave it, but if I’m a non-programmer looking at this, can I just cut and paste? What if I have a country that’s not in the list? Hopefully I’m smart enough to realize I can expand the list, but now I’m manually updating this list whenever we need to add a new country, or a country’s population changes, rather than just feeding my list of data into a function to update the hash table. “Write me Javascript code that will accept a list of countries with populations and give me the population of a country I want.” 1. Pre-training: ChatGPT is pre-trained on a large cor",1,,363,62400,0,1,Positive
47,https://www.quora.com/Whats-the-best-AI-tool-for-coding-I-have-tried-GitHub-Copilot-ChatGPT-and-BARD-as-coding-assistants-and-while-sometimes-they-surprised-me-many-other-times-their-solution-was-completely-wrong,AI Code Assistants,"What's the best AI tool for coding? I have tried GitHub Copilot, ChatGPT and BARD as coding assistants and while sometimes they surprised me, many other times their solution was completely wrong."," I'm also exploring other tools such as deep learning (DL) and reinforcement learning (RL) that can help enhance the performance of the AI agent. Besides these three AI tools, there are several AI tools to use such as Tabnine, Kite, Codiga. Try to use them also to get the best one. Thanks Besides these three AI tools, there are several AI tools to use such as Tabnine, Kite, Codiga. Try to use them also to get the best one. T There’s no such thing. Learn how to program. The new GitHub copilot X is miles better at coding than the current copilot. You can also try Bing Chat as it uses GPT4 grounded in real time search results. GPT4 is a leap ahead in terms of coding, but it still doesn’t get everything 100% correct. Especially for the more obscure stuff. With these technologies, I'm able to create an intelligent chatbot that can understand and respond to user questions with contextual accuracy. By leveraging these state of the art AI techniques, I'm able to design and build an AI-powered chatbot that is robust and intelligent with minimal effort. By leveraging these state of the art AI techniques, I'm able to design and build an AI-powered chatbot th Actually, Any AI tool can’t give you accurate answers all the time. But they can suggest you and help you to do the code by yourself. The AI tools are currently good at coding small and simple tasks. But in the complex and long work, it may give you the wrong answer. The best way of using AI tools is generating the idea of any tasks",2,Get amazing travel pics w/o travel - try itraveledthere.io,121,18900,0,2,Positive
48,https://www.quora.com/Which-language-should-I-use-to-code-an-AI-assistant-like-SIRI-It-d-be-great-if-anyone-can-tell-the-entire-procedure-that-is-how-to-code-and-where-to,AI Code Assistants,Which language should I use to code an AI assistant like SIRI? It’d be great if anyone can tell the entire procedure that is how to code and where to?," Therefore, C++ and Python make up a very powerful tool that allows you to be very efficient, thinking at different levels of abstraction. If you Actually want start competitive coding then you must have to follow this method. Get on Hackerrank because it has the best User Interface, combined with relative ease of getting started for the beginners. don't use Python, Ruby, etc, for CP. These are very high-level languages that won't give you as much control over your code as needed. For instance, there are several platform for DeepLearning in python 2.x and 3.x, namely Tensorflow and Keras [now within tensorflow](Google Platform), CNTK (MS platform), Caffee (Facebook platform). while deeplearning4j (Sky Minds) is a java based platform for deep learning. I believe that this powerful tool (C++ - Python) is not unique to AI and could be used in almost all scientific investigations. Right now, the code is mostly Python and JavaScript.  We use the Pylons framework as a starting point but have replaced about half of it with our own custom systems (LiveNode/webnode2.)  The JavaScript part of our infrastructure is built on top of jQuery.  Don’t Be Frustrated. Each AI field in itself is not scary, but if you put them together, an AI can learn to group things into its own categories (current facial recognition AI feature), it can learn what is good and what is bad (state learning), it can change its code through GA so that it can define its own categories of what is good vs what is bad. ",14,20+ years of PM and technical leadership,3000,2100000,0,14,Positive
49,https://www.quora.com/Could-one-person-code-an-A-I-assistant-such-as-Siri,AI Code Assistants,Could one person code an A.I. assistant such as Siri?,"  I have uploaded a video on Instagram about the Virtual Voice Assistant “SAM"" if you want you can check how it works. But check Siri.. Where do you live? In my opinion the long term goal of voice command systems (Alexa, Google Home) is to remove actions from our list of things to do saving us time and in some cases money. For example, when you need to book a vacation: right now you have to google different hotels/ flights/ car rentals/ and activities. Ideally with a voice command system + Machine Learning you could say: Alexa book me and the family a trip to Orlando to go to Disney. The voice command system knows your preferences for hotels (reward points and past stays) for flights (miles/ points) and can buy tickets to Disney at the cheapest  Yes, ofcourse anybody can create a virtual assistant who knows coding well. A more focused answer would depend on what you want to use these AI for… The only place where Siri has an upper hand on Cortana is that Siri can even identify the very regional modifications of a language, It can accurately understand the difference between English accent of California and New York. open any website like google, youtube Are you male or female SRI International took the technologies and framework that the CALO project developed to begin the spin-off project that would eventually lead to Siri, as if dictating and reading emails and text messages, without any knowing. 2) artificial intelligenceThere is no definitive ""artificial intelligence"" at t",22,20+ years of PM and technical leadership,957,5200000,0,22,Positive
